feature,coefficient,abs_coef
income,3.279473424335465,3.279473424335465
debt_ratio,-2.825594137558969,2.825594137558969
savings_rate,-1.3614446017705013,1.3614446017705013
age,0.22513414050887467,0.22513414050887467
Unnamed: 0,-0.08302390380629952,0.08302390380629952
